{
  "gap1_results": {
    "T4": {
      "knee_ssim": 0.7636930447312152,
      "brain_ssim": 0.6621721717489868,
      "drop": 0.10152087298222845
    },
    "T6": {
      "knee_ssim": 0.7649012591954603,
      "brain_ssim": 0.6705415609503994,
      "drop": 0.09435969824506085
    },
    "T8": {
      "knee_ssim": 0.7649995265997085,
      "brain_ssim": 0.6773203586329933,
      "drop": 0.08767916796671515
    }
  },
  "zero_filled_brain_baseline": 0.41529874006907147,
  "zero_filled_knee_baseline": 0.7453,
  "note": "Brain data: 15 volumes, 238 slices, coil-combined via SVD from multi-coil to synthetic single-coil, scale-corrected against ground truth max. T=2 excluded from sweep (scoped out)."
}